Original Cell Type,Level Three Cell Type,Level Three CL Label,Level Three CL ID,CL_Match/3,Level Two Cell Type,Level Two CL Label,Level Two CL ID,CL_Match/2,Level One Cell Type,Level One CL Label,Level One CL ID,CL_Match/1,Tissue Type
Acinar Cells,acinar cell of salivary gland,acinar cell of salivary gland,CL:0002623,skos:exactMatch,gland epithelium cell,glandular secretory epithelial cell,CL:0000150,skos:exactMatch,epithelial cell,epithelial cell,CL:0000066,skos:exactMatch,oralcavity-codex-czi
Acini,acinar cell of salivary gland,acinar cell of salivary gland,CL:0002623,skos:exactMatch,gland epithelium cell,glandular secretory epithelial cell,CL:0000150,skos:exactMatch,epithelial cell,epithelial cell,CL:0000066,skos:exactMatch,oralcavity-codex-czi
Adipocytes,adipocyte,adipocyte,CL:0000136,skos:exactMatch,adipocyte,adipocyte,CL:0000136,skos:exactMatch,mesenchymal cell,mesenchymal cell,CL:0008019,skos:exactMatch,oralcavity-codex-czi
Adipocytes,adipocyte,adipocyte,CL:0000136,skos:exactMatch,adipocyte,adipocyte,CL:0000136,skos:exactMatch,mesenchymal cell,mesenchymal cell,CL:0008019,skos:exactMatch,colon-xenium-stanford
Adipocyte,adipocyte,adipocyte,CL:0000136,skos:exactMatch,adipocyte,adipocyte,CL:0000136,skos:exactMatch,mesenchymal cell,mesenchymal cell,CL:0008019,skos:exactMatch,bonemarrow-codex-chop
B-Cells,b cell,B cell,CL:0000236,skos:exactMatch,b cell,B cell,CL:0000236,skos:exactMatch,immune cell,leukocyte,CL:0000738,skos:exactMatch,bonemarrow-codex-chop
B,b cell,B cell,CL:0000236,skos:exactMatch,b cell,B cell,CL:0000236,skos:exactMatch,immune cell,leukocyte,CL:0000738,skos:exactMatch,tonsil-codex-stanford
B cell,b cell,B cell,CL:0000236,skos:exactMatch,b cell,B cell,CL:0000236,skos:exactMatch,immune cell,leukocyte,CL:0000738,skos:exactMatch,lung-codex-urmc
B cells,b cell,B cell,CL:0000236,skos:exactMatch,b cell,B cell,CL:0000236,skos:exactMatch,immune cell,leukocyte,CL:0000738,skos:exactMatch,colon-cycif-sorgerlab
B Cells,b cell,B cell,CL:0000236,skos:exactMatch,b cell,B cell,CL:0000236,skos:exactMatch,immune cell,leukocyte,CL:0000738,skos:exactMatch,oralcavity-codex-czi
B cells,b cell,B cell,CL:0000236,skos:exactMatch,b cell,B cell,CL:0000236,skos:exactMatch,immune cell,leukocyte,CL:0000738,skos:exactMatch,skin-confocal-sorgerlab
B,b cell,B cell,CL:0000236,skos:exactMatch,b cell,B cell,CL:0000236,skos:exactMatch,immune cell,leukocyte,CL:0000738,skos:exactMatch,intestine-codex-stanford
"B cells, red pulp",b cell,B cell,CL:0000236,skos:exactMatch,b cell,B cell,CL:0000236,skos:exactMatch,immune cell,leukocyte,CL:0000738,skos:exactMatch,spleen-codex-ufl
B_cell_1,b cell,B cell,CL:0000236,skos:exactMatch,b cell,B cell,CL:0000236,skos:exactMatch,immune cell,leukocyte,CL:0000738,skos:exactMatch,lung-codex-urmc
B_activated,b cell:activated,B cell:activated,CL:0000236,skos:narrowMatch,b cell,B cell,CL:0000236,skos:exactMatch,immune cell,leukocyte,CL:0000738,skos:exactMatch,lymphnode-codex-yale
Fol B cells,b cell:follicular,follicular B cell,CL:0000843,skos:exactMatch,b cell,B cell,CL:0000236,skos:exactMatch,immune cell,leukocyte,CL:0000738,skos:exactMatch,spleen-codex-ufl
B_GC_DZ,b cell:germinal center,germinal center B cell,CL:0000844,skos:exactMatch,b cell,B cell,CL:0000236,skos:exactMatch,immune cell,leukocyte,CL:0000738,skos:exactMatch,lymphnode-codex-yale
B_GC_LZ,b cell:germinal center,germinal center B cell,CL:0000844,skos:exactMatch,b cell,B cell,CL:0000236,skos:exactMatch,immune cell,leukocyte,CL:0000738,skos:exactMatch,lymphnode-codex-yale
B_GC_prePB,b cell:germinal center pre-plasmablast,germinal center B cell:pre-plasmablast,CL:0000844,skos:narrowMatch,b cell,B cell,CL:0000236,skos:exactMatch,immune cell,leukocyte,CL:0000738,skos:exactMatch,lymphnode-codex-yale
Immature_B_Cell,b cell:immature,immature B cell,CL:0000816,skos:exactMatch,b cell,B cell,CL:0000236,skos:exactMatch,immune cell,leukocyte,CL:0000738,skos:exactMatch,bonemarrow-codex-chop
B_IFN,b cell:interferon,B cell:interferon-stimulated,CL:0000236,skos:narrowMatch,b cell,B cell,CL:0000236,skos:exactMatch,immune cell,leukocyte,CL:0000738,skos:exactMatch,lymphnode-codex-yale
B_mem,b cell:memory,memory B cell,CL:0000787,skos:exactMatch,b cell,B cell,CL:0000236,skos:exactMatch,immune cell,leukocyte,CL:0000738,skos:exactMatch,lymphnode-codex-yale
Memory B,b cell:memory,memory B cell,CL:0000787,skos:exactMatch,b cell,B cell,CL:0000236,skos:exactMatch,immune cell,leukocyte,CL:0000738,skos:exactMatch,colon-xenium-stanford
B_naive,b cell:naive,naive B cell,CL:0000788,skos:exactMatch,b cell,B cell,CL:0000236,skos:exactMatch,immune cell,leukocyte,CL:0000738,skos:exactMatch,lymphnode-codex-yale
Naive B,b cell:naive,naive B cell,CL:0000788,skos:exactMatch,b cell,B cell,CL:0000236,skos:exactMatch,immune cell,leukocyte,CL:0000738,skos:exactMatch,colon-xenium-stanford
B_preGC,b cell:pre-germinal center,B cell:pre-germinal center,CL:0000236,skos:narrowMatch,b cell,B cell,CL:0000236,skos:exactMatch,immune cell,leukocyte,CL:0000738,skos:exactMatch,lymphnode-codex-yale
B_Cycling,b cell:proliferating,cycling B cell,CL:4033068,skos:exactMatch,b cell,B cell,CL:0000236,skos:exactMatch,immune cell,leukocyte,CL:0000738,skos:exactMatch,lymphnode-codex-yale
Beta cell,beta cell:pancreatic,type B pancreatic cell,CL:0000169,skos:exactMatch,beta cell,type B pancreatic cell,CL:0000169,skos:exactMatch,epithelial cell,epithelial cell,CL:0000066,skos:exactMatch,pancreas-geomx-ufl
CD34+ CD61+,cell:cd34+ cd61+,leukocyte:cd34-positive cd61-positive,CL:0000738,skos:narrowMatch,megakaryocyte,megakaryocyte,CL:0000556,skos:exactMatch,hematopoietic precursor cell,hematopoietic precursor cell,CL:0008001,skos:exactMatch,bonemarrow-codex-chop
Ki67 proliferating,cell:proliferating,cell:proliferating,CL:0000000,skos:narrowMatch,unknown cell,cell:unknown,CL:0000000,skos:narrowMatch,unknown cell,cell:unknown,CL:0000000,skos:narrowMatch,spleen-codex-ufl
DC,dendritic cell,dendritic cell,CL:0000451,skos:exactMatch,dendritic cell,dendritic cell,CL:0000451,skos:exactMatch,immune cell,leukocyte,CL:0000738,skos:exactMatch,colon-xenium-stanford
Dendritic cells,dendritic cell,dendritic cell,CL:0000451,skos:exactMatch,dendritic cell,dendritic cell,CL:0000451,skos:exactMatch,immune cell,leukocyte,CL:0000738,skos:exactMatch,skin-confocal-sorgerlab
DC,dendritic cell,dendritic cell,CL:0000451,skos:exactMatch,dendritic cell,dendritic cell,CL:0000451,skos:exactMatch,immune cell,leukocyte,CL:0000738,skos:exactMatch,maternalfetalinterface-mibitof-stanford
DC,dendritic cell,dendritic cell,CL:0000451,skos:exactMatch,dendritic cell,dendritic cell,CL:0000451,skos:exactMatch,immune cell,leukocyte,CL:0000738,skos:exactMatch,intestine-codex-stanford
Dendritic Cells,dendritic cell,dendritic cell,CL:0000451,skos:exactMatch,dendritic cell,dendritic cell,CL:0000451,skos:exactMatch,immune cell,leukocyte,CL:0000738,skos:exactMatch,oralcavity-codex-czi
CD11B+ CD11C- cells,dendritic cell:cd11b+,CD11b-positive dendritic cell,CL:0002465,skos:exactMatch,dendritic cell,dendritic cell,CL:0000451,skos:exactMatch,immune cell,leukocyte,CL:0000738,skos:exactMatch,skin-confocal-sorgerlab
DC_cDC1,dendritic cell:conventional 1,CD141-positive myeloid dendritic cell,CL:0002394,skos:exactMatch,dendritic cell,dendritic cell,CL:0000451,skos:exactMatch,immune cell,leukocyte,CL:0000738,skos:exactMatch,lymphnode-codex-yale
DC_cDC2,dendritic cell:conventional 2,CD1c-positive myeloid dendritic cell,CL:0002399,skos:exactMatch,dendritic cell,dendritic cell,CL:0000451,skos:exactMatch,immune cell,leukocyte,CL:0000738,skos:exactMatch,lymphnode-codex-yale
FDC,dendritic cell:follicular,follicular dendritic cell,CL:0000442,skos:exactMatch,dendritic cell,dendritic cell,CL:0000451,skos:exactMatch,mesenchymal cell,mesenchymal cell,CL:0008019,skos:exactMatch,lymphnode-codex-yale
DC_CCR7+,dendritic cell:migratory,migratory dendtritic cell,CL:4047054,skos:exactMatch,dendritic cell,dendritic cell,CL:0000451,skos:exactMatch,immune cell,leukocyte,CL:0000738,skos:exactMatch,lymphnode-codex-yale
DC_pDC,dendritic cell:plasmacytoid,plasmacytoid dendritic cell,CL:0000784,skos:exactMatch,dendritic cell,dendritic cell,CL:0000451,skos:exactMatch,immune cell,leukocyte,CL:0000738,skos:exactMatch,lymphnode-codex-yale
pDC,dendritic cell:plasmacytoid,plasmacytoid dendritic cell,CL:0000784,skos:exactMatch,dendritic cell,dendritic cell,CL:0000451,skos:exactMatch,immune cell,leukocyte,CL:0000738,skos:exactMatch,bonemarrow-codex-chop
Endosteal,endosteal cell,endosteal cell,CL:0002157,skos:exactMatch,skeletal stromal cell,bone cell:stromal,CL:0001035,skos:narrowMatch,mesenchymal cell,mesenchymal cell,CL:0008019,skos:exactMatch,bonemarrow-codex-chop
Endothelial,endothelial cell,endothelial cell,CL:0000115,skos:exactMatch,endothelial cell,endothelial cell,CL:0000115,skos:exactMatch,endothelial cell,endothelial cell,CL:0000115,skos:exactMatch,lymphnode-codex-yale
Endothelial,endothelial cell,endothelial cell,CL:0000115,skos:exactMatch,endothelial cell,endothelial cell,CL:0000115,skos:exactMatch,endothelial cell,endothelial cell,CL:0000115,skos:exactMatch,skin-celldive-ge
Endothelial,endothelial cell,endothelial cell,CL:0000115,skos:exactMatch,endothelial cell,endothelial cell,CL:0000115,skos:exactMatch,endothelial cell,endothelial cell,CL:0000115,skos:exactMatch,skin-confocal-sorgerlab
Endothelial,endothelial cell,endothelial cell,CL:0000115,skos:exactMatch,endothelial cell,endothelial cell,CL:0000115,skos:exactMatch,endothelial cell,endothelial cell,CL:0000115,skos:exactMatch,pancreas-geomx-ufl
Endothelial,endothelial cell,endothelial cell,CL:0000115,skos:exactMatch,endothelial cell,endothelial cell,CL:0000115,skos:exactMatch,endothelial cell,endothelial cell,CL:0000115,skos:exactMatch,intestine-codex-stanford
Endo_p,endothelial cell,endothelial cell,CL:0000115,skos:exactMatch,endothelial cell,endothelial cell,CL:0000115,skos:exactMatch,endothelial cell,endothelial cell,CL:0000115,skos:exactMatch,lung-codex-urmc
Endothelial,endothelial cell,endothelial cell,CL:0000115,skos:exactMatch,endothelial cell,endothelial cell,CL:0000115,skos:exactMatch,endothelial cell,endothelial cell,CL:0000115,skos:exactMatch,tonsil-codex-stanford
Endothelial,endothelial cell,endothelial cell,CL:0000115,skos:exactMatch,endothelial cell,endothelial cell,CL:0000115,skos:exactMatch,endothelial cell,endothelial cell,CL:0000115,skos:exactMatch,colon-xenium-stanford
Endothelial,endothelial cell,endothelial cell,CL:0000115,skos:exactMatch,endothelial cell,endothelial cell,CL:0000115,skos:exactMatch,endothelial cell,endothelial cell,CL:0000115,skos:exactMatch,maternalfetalinterface-mibitof-stanford
Endothelial,endothelial cell,endothelial cell,CL:0000115,skos:exactMatch,endothelial cell,endothelial cell,CL:0000115,skos:exactMatch,endothelial cell,endothelial cell,CL:0000115,skos:exactMatch,colon-cycif-sorgerlab
Endothelial,endothelial cell,endothelial cell,CL:0000115,skos:exactMatch,endothelial cell,endothelial cell,CL:0000115,skos:exactMatch,endothelial cell,endothelial cell,CL:0000115,skos:exactMatch,esophagus-codex-stanford
ENDO_SMC,endothelial cell,endothelial cell,CL:0000115,skos:exactMatch,endothelial cell,endothelial cell,CL:0000115,skos:exactMatch,endothelial cell,endothelial cell,CL:0000115,skos:exactMatch,lung-codex-urmc
Endo_2,endothelial cell,endothelial cell,CL:0000115,skos:exactMatch,endothelial cell,endothelial cell,CL:0000115,skos:exactMatch,endothelial cell,endothelial cell,CL:0000115,skos:exactMatch,lung-codex-urmc
ENDO_1,endothelial cell,endothelial cell,CL:0000115,skos:exactMatch,endothelial cell,endothelial cell,CL:0000115,skos:exactMatch,endothelial cell,endothelial cell,CL:0000115,skos:exactMatch,lung-codex-urmc
AEC,endothelial cell of artery,endothelial cell of artery,CL:1000413,skos:exactMatch,endothelial cell of artery,endothelial cell of artery,CL:1000413,skos:exactMatch,endothelial cell,endothelial cell,CL:0000115,skos:exactMatch,bonemarrow-codex-chop
CAP_ENDO,endothelial cell of capillary,capillary endothelial cell,CL:0002144,skos:exactMatch,endothelial cell of capillary,capillary endothelial cell,CL:0002144,skos:exactMatch,endothelial cell,endothelial cell,CL:0000115,skos:exactMatch,lung-codex-urmc
Podoplanin,endothelial cell of lymphatic vessel,endothelial cell of lymphatic vessel,CL:0002138,skos:exactMatch,endothelial cell of lymphatic vessel,endothelial cell of lymphatic vessel,CL:0002138,skos:exactMatch,endothelial cell,endothelial cell,CL:0000115,skos:exactMatch,spleen-codex-ufl
Lymphatic endothelial cells,endothelial cell of lymphatic vessel,endothelial cell of lymphatic vessel,CL:0002138,skos:exactMatch,endothelial cell of lymphatic vessel,endothelial cell of lymphatic vessel,CL:0002138,skos:exactMatch,endothelial cell,endothelial cell,CL:0000115,skos:exactMatch,colon-xenium-stanford
Lymphatic,endothelial cell of lymphatic vessel,endothelial cell of lymphatic vessel,CL:0002138,skos:exactMatch,endothelial cell of lymphatic vessel,endothelial cell of lymphatic vessel,CL:0002138,skos:exactMatch,endothelial cell,endothelial cell,CL:0000115,skos:exactMatch,intestine-codex-stanford
Lymphatic_Endothelium,endothelial cell of lymphatic vessel,endothelial cell of lymphatic vessel,CL:0002138,skos:exactMatch,endothelial cell of lymphatic vessel,endothelial cell of lymphatic vessel,CL:0002138,skos:exactMatch,endothelial cell,endothelial cell,CL:0000115,skos:exactMatch,lung-codex-urmc
lymphatic Endothelium,endothelial cell of lymphatic vessel,endothelial cell of lymphatic vessel,CL:0002138,skos:exactMatch,endothelial cell of lymphatic vessel,endothelial cell of lymphatic vessel,CL:0002138,skos:exactMatch,endothelial cell,endothelial cell,CL:0000115,skos:exactMatch,lung-codex-urmc
Lymphatic Endothelial Cells,endothelial cell of lymphatic vessel,endothelial cell of lymphatic vessel,CL:0002138,skos:exactMatch,endothelial cell of lymphatic vessel,endothelial cell of lymphatic vessel,CL:0002138,skos:exactMatch,endothelial cell,endothelial cell,CL:0000115,skos:exactMatch,oralcavity-codex-czi
Lymphatic Vascular Cells,endothelial cell of lymphatic vessel,endothelial cell of lymphatic vessel,CL:0002138,skos:exactMatch,endothelial cell of lymphatic vessel,endothelial cell of lymphatic vessel,CL:0002138,skos:exactMatch,endothelial cell,endothelial cell,CL:0000115,skos:exactMatch,oralcavity-codex-czi
SEC,endothelial cell of sinusoid,endothelial cell of sinusoid,CL:0002262,skos:exactMatch,endothelial cell of sinusoid,endothelial cell of sinusoid,CL:0002262,skos:exactMatch,endothelial cell,endothelial cell,CL:0000115,skos:exactMatch,bonemarrow-codex-chop
Sinusoidal cells,endothelial cell of sinusoid,endothelial cell of sinusoid,CL:0002262,skos:exactMatch,endothelial cell of sinusoid,endothelial cell of sinusoid,CL:0002262,skos:exactMatch,endothelial cell,endothelial cell,CL:0000115,skos:exactMatch,spleen-codex-ufl
Vascular Endothelial Cells,endothelial cell of vascular tree,endothelial cell of vascular tree,CL:0002139,skos:exactMatch,endothelial cell of vascular tree,endothelial cell of vascular tree,CL:0002139,skos:exactMatch,endothelial cell,endothelial cell,CL:0000115,skos:exactMatch,oralcavity-codex-czi
blood endothelial,endothelial cell of vascular tree,endothelial cell of vascular tree,CL:0002139,skos:exactMatch,endothelial cell of vascular tree,endothelial cell of vascular tree,CL:0002139,skos:exactMatch,endothelial cell,endothelial cell,CL:0000115,skos:exactMatch,spleen-codex-ufl
VEC Progen,endothelial cell of vascular tree,endothelial cell of vascular tree,CL:0002139,skos:exactMatch,endothelial cell of vascular tree,endothelial cell of vascular tree,CL:0002139,skos:exactMatch,endothelial cell,endothelial cell,CL:0000115,skos:exactMatch,oralcavity-codex-czi
Enterocytes,enterocyte,enterocyte,CL:0000584,skos:exactMatch,enterocyte,enterocyte,CL:0000584,skos:exactMatch,epithelial cell,epithelial cell,CL:0000066,skos:exactMatch,colon-xenium-stanford
Enterocyte,enterocyte,enterocyte,CL:0000584,skos:exactMatch,enterocyte,enterocyte,CL:0000584,skos:exactMatch,epithelial cell,epithelial cell,CL:0000066,skos:exactMatch,intestine-codex-stanford
CD57+ Enterocyte,enterocyte:cd57+,CD57-positive enterocyte,CL:4033092,skos:exactMatch,enterocyte,enterocyte,CL:0000584,skos:exactMatch,epithelial cell,epithelial cell,CL:0000066,skos:exactMatch,intestine-codex-stanford
CD66+ Enterocyte,enterocyte:cd66+,enterocyte:cd66-positive,CL:0000584,skos:narrowMatch,enterocyte,enterocyte,CL:0000584,skos:exactMatch,epithelial cell,epithelial cell,CL:0000066,skos:exactMatch,intestine-codex-stanford
Immature Enterocytes,enterocyte:immature,enterocyte:immature,CL:0000584,skos:narrowMatch,enterocyte,enterocyte,CL:0000584,skos:exactMatch,epithelial cell,epithelial cell,CL:0000066,skos:exactMatch,colon-xenium-stanford
MUC1+ Enterocyte,enterocyte:muc1+,enterocyte:muc1-positive,CL:0000584,skos:narrowMatch,enterocyte,enterocyte,CL:0000584,skos:exactMatch,epithelial cell,epithelial cell,CL:0000066,skos:exactMatch,intestine-codex-stanford
Enterocyte Progenitors,enterocyte:progenitor,enterocyte:progenitor,CL:0000584,skos:narrowMatch,enterocyte,enterocyte,CL:0000584,skos:exactMatch,epithelial cell,epithelial cell,CL:0000066,skos:exactMatch,colon-xenium-stanford
Enteroendocrine,enteroendocrine cell,enteroendocrine cell,CL:0000164,skos:exactMatch,endocrine cell,endocrine cell,CL:0000163,skos:exactMatch,epithelial cell,epithelial cell,CL:0000066,skos:exactMatch,colon-xenium-stanford
Best4+ Enterocytes,enteroycte:best4+,BEST4+ enterocyte,CL:4030026,skos:exactMatch,enterocyte,enterocyte,CL:0000584,skos:exactMatch,epithelial cell,epithelial cell,CL:0000066,skos:exactMatch,colon-xenium-stanford
Epithelial,epithelial cell,epithelial cell,CL:0000066,skos:exactMatch,epithelial cell,epithelial cell,CL:0000066,skos:exactMatch,epithelial cell,epithelial cell,CL:0000066,skos:exactMatch,oralcavity-codex-czi
Ionocytes,epithelial cell,epithelial cell,CL:0000066,skos:exactMatch,epithelial cell,epithelial cell,CL:0000066,skos:exactMatch,epithelial cell,epithelial cell,CL:0000066,skos:exactMatch,oralcavity-codex-czi
Melanocytes,epithelial cell,epithelial cell,CL:0000066,skos:exactMatch,epithelial cell,epithelial cell,CL:0000066,skos:exactMatch,epithelial cell,epithelial cell,CL:0000066,skos:exactMatch,oralcavity-codex-czi
Lung_Epithelial_1,epithelial cell,epithelial cell,CL:0000066,skos:exactMatch,epithelial cell,epithelial cell,CL:0000066,skos:exactMatch,epithelial cell,epithelial cell,CL:0000066,skos:exactMatch,lung-codex-urmc
Lung_Epithelial_4,epithelial cell,epithelial cell,CL:0000066,skos:exactMatch,epithelial cell,epithelial cell,CL:0000066,skos:exactMatch,epithelial cell,epithelial cell,CL:0000066,skos:exactMatch,lung-codex-urmc
Merkel Cells,epithelial cell,epithelial cell,CL:0000066,skos:exactMatch,epithelial cell,epithelial cell,CL:0000066,skos:exactMatch,epithelial cell,epithelial cell,CL:0000066,skos:exactMatch,oralcavity-codex-czi
Lung_Epithelial_p,epithelial cell,epithelial cell,CL:0000066,skos:exactMatch,epithelial cell,epithelial cell,CL:0000066,skos:exactMatch,epithelial cell,epithelial cell,CL:0000066,skos:exactMatch,lung-codex-urmc
Ducts,epithelial cell:ductal ,duct epithelial cell,CL:0000068,skos:exactMatch,gland epithelium cell,epithelial cell:gland,CL:0000066,skos:narrowMatch,epithelial cell,epithelial cell,CL:0000066,skos:exactMatch,oralcavity-codex-czi
Ductal Epithelial Cells,epithelial cell:ductal ,duct epithelial cell,CL:0000068,skos:exactMatch,gland epithelium cell,epithelial cell:gland,CL:0000066,skos:narrowMatch,epithelial cell,epithelial cell,CL:0000066,skos:exactMatch,oralcavity-codex-czi
Ductal cell,epithelial cell:ductal ,duct epithelial cell,CL:0000068,skos:exactMatch,gland epithelium cell,epithelial cell:gland,CL:0000066,skos:narrowMatch,epithelial cell,epithelial cell,CL:0000066,skos:exactMatch,pancreas-geomx-ufl
Ki67+ Tumor/Epithelial,epithelial cell:ki67+ proliferating tumor,epithelial cell:ki67-positive proliferating tumor,CL:0000066,skos:narrowMatch,abnormal cell,abnormal cell,CL:0001061,skos:exactMatch,epithelial cell,epithelial cell,CL:0000066,skos:exactMatch,colon-cycif-sorgerlab
PDL1+ Tumor/Epithelial,epithelial cell:pdl1+ tumor,epithelial cell:pdl1-positive tumor,CL:0000066,skos:narrowMatch,abnormal cell,abnormal cell,CL:0001061,skos:exactMatch,epithelial cell,epithelial cell,CL:0000066,skos:exactMatch,colon-cycif-sorgerlab
Secretory_epithelial,epithelial cell:secretory,secretory epithelial cell,CL:1100001,skos:exactMatch,secretory cell of esophagus,glandular cell of esophagus,CL:0002657,skos:exactMatch,epithelial cell,epithelial cell,CL:0000066,skos:exactMatch,esophagus-codex-stanford
Erythroblast,erythroblast,erythroblast,CL:0000765,skos:exactMatch,erythroid precursor ,erythroid progenitor cell,CL:0000038,skos:exactMatch,hematopoietic precursor cell,hematopoietic precursor cell,CL:0008001,skos:exactMatch,bonemarrow-codex-chop
MEP/Early Erythroblast,erythroblast:basophilic,basophilic erythroblast,CL:0000549,skos:exactMatch,erythroid precursor ,erythroid progenitor cell,CL:0000038,skos:exactMatch,hematopoietic precursor cell,hematopoietic precursor cell,CL:0008001,skos:exactMatch,bonemarrow-codex-chop
Erythroid,erythroid lineage cell,erythroid lineage cell,CL:0000764,skos:exactMatch,erythroid precursor ,erythroid progenitor cell,CL:0000038,skos:exactMatch,hematopoietic precursor cell,hematopoietic precursor cell,CL:0008001,skos:exactMatch,bonemarrow-codex-chop
Fibroblasts,fibroblast,fibroblast,CL:0000057,skos:exactMatch,fibroblast,fibroblast,CL:0000057,skos:exactMatch,mesenchymal cell,mesenchymal cell,CL:0008019,skos:exactMatch,oralcavity-codex-czi
Fibroblasts,fibroblast,fibroblast,CL:0000057,skos:exactMatch,fibroblast,fibroblast,CL:0000057,skos:exactMatch,mesenchymal cell,mesenchymal cell,CL:0008019,skos:exactMatch,maternalfetalinterface-mibitof-stanford
Cancer Associated Fibroblasts,fibroblast:cancer associated,fibroblast:cancer associated,CL:0000057,skos:narrowMatch,fibroblast,fibroblast,CL:0000057,skos:exactMatch,mesenchymal cell,mesenchymal cell,CL:0008019,skos:exactMatch,colon-xenium-stanford
Crypt Fibroblasts 1,fibroblast:crypt 1,crypt-top fibroblast:1,CL:4052009,skos:narrowMatch,fibroblast,fibroblast,CL:0000057,skos:exactMatch,mesenchymal cell,mesenchymal cell,CL:0008019,skos:exactMatch,colon-xenium-stanford
Crypt Fibroblasts 2,fibroblast:crypt 2,crypt-top fibroblast:2,CL:4052009,skos:narrowMatch,fibroblast,fibroblast,CL:0000057,skos:exactMatch,mesenchymal cell,mesenchymal cell,CL:0008019,skos:exactMatch,colon-xenium-stanford
Crypt Fibroblasts 3,fibroblast:crypt 3,crypt-top fibroblast:3,CL:4052009,skos:narrowMatch,fibroblast,fibroblast,CL:0000057,skos:exactMatch,mesenchymal cell,mesenchymal cell,CL:0008019,skos:exactMatch,colon-xenium-stanford
Crypt Fibroblasts 4,fibroblast:crypt 4,crypt-top fibroblast:4,CL:4052009,skos:narrowMatch,fibroblast,fibroblast,CL:0000057,skos:exactMatch,mesenchymal cell,mesenchymal cell,CL:0008019,skos:exactMatch,colon-xenium-stanford
Villus Fibroblasts WNT5B+,fibroblast:wnt5b+ villus,fibroblast:wnt5b+ villus,CL:0000057,skos:narrowMatch,fibroblast,fibroblast,CL:0000057,skos:exactMatch,mesenchymal cell,mesenchymal cell,CL:0008019,skos:exactMatch,colon-xenium-stanford
Glandular_epi,glandular cell of esophagus,glandular cell of esophagus,CL:0002657,skos:exactMatch,gland epithelium cell,glandular secretory epithelial cell,CL:0000150,skos:exactMatch,epithelial cell,epithelial cell,CL:0000066,skos:exactMatch,esophagus-codex-stanford
Glandular,glandular cell of placenta,glandular secretory epithelial cell:placenta,CL:0000150,skos:narrowMatch,gland epithelium cell,glandular secretory epithelial cell,CL:0000150,skos:exactMatch,epithelial cell,epithelial cell,CL:0000066,skos:exactMatch,maternalfetalinterface-mibitof-stanford
Glia,glial cell,glial cell,CL:0000125,skos:exactMatch,neuroglial cell,glial cell,CL:0000125,skos:exactMatch,neural cell,neural cell,CL:0002319,skos:exactMatch,colon-xenium-stanford
Glial/Neuron,glial cell/neuron,neural cell:glial/neuron,CL:0002319,skos:narrowMatch,neuroglial cell/neuron,neural cell:neuroglial/neuron,CL:0002319,skos:narrowMatch,neural cell,neural cell,CL:0002319,skos:exactMatch,oralcavity-codex-czi
GC,goblet cell,goblet cell,CL:0000160,skos:exactMatch,goblet cell,goblet cell,CL:0000160,skos:exactMatch,epithelial cell,epithelial cell,CL:0000066,skos:exactMatch,colon-xenium-stanford
Goblet,goblet cell,goblet cell,CL:0000160,skos:exactMatch,goblet cell,goblet cell,CL:0000160,skos:exactMatch,epithelial cell,epithelial cell,CL:0000066,skos:exactMatch,intestine-codex-stanford
Goblet,goblet cell,goblet cell,CL:0000160,skos:exactMatch,goblet cell,goblet cell,CL:0000160,skos:exactMatch,epithelial cell,epithelial cell,CL:0000066,skos:exactMatch,colon-xenium-stanford
Immature Goblet,goblet cell:immature,goblet cell:immature,CL:0000160,skos:narrowMatch,goblet cell,goblet cell,CL:0000160,skos:exactMatch,epithelial cell,epithelial cell,CL:0000066,skos:exactMatch,colon-xenium-stanford
GMP,granulocyte monocyte progenitor cell,granulocyte monocyte progenitor cell,CL:0000557,skos:exactMatch,myeloid precursor,common myeloid progenitor,CL:0000049,skos:exactMatch,hematopoietic precursor cell,hematopoietic precursor cell,CL:0008001,skos:exactMatch,bonemarrow-codex-chop
GMP/Myeloblast,granulocyte monocyte progenitor cell/myeloblast,myeloid lineage restricted progenitor cell:granulocyte monocyte progenitor cell/myeloblast,CL:0000839,skos:narrowMatch,myeloid precursor,common myeloid progenitor,CL:0000049,skos:exactMatch,hematopoietic precursor cell,hematopoietic precursor cell,CL:0008001,skos:exactMatch,bonemarrow-codex-chop
SPINK2+ HSPC,hematopoietic stem and progenitor cell:spink2+,hematopoietic multipotent progenitor cell:spink2-positive,CL:0000837,skos:narrowMatch,hematopoietic stem and progenitor cell,hematopoietic precursor cell,CL:0008001,skos:exactMatch,hematopoietic precursor cell,hematopoietic precursor cell,CL:0008001,skos:exactMatch,bonemarrow-codex-chop
HSC,hematopoietic stem cell,hematopoietic stem cell,CL:0000037,skos:exactMatch,stem cell,stem cell,CL:0000034,skos:exactMatch,hematopoietic precursor cell,hematopoietic precursor cell,CL:0008001,skos:exactMatch,bonemarrow-codex-chop
HSPC,hematopoietic stem cell,hematopoietic stem cell,CL:0000037,skos:exactMatch,stem cell,stem cell,CL:0000034,skos:exactMatch,hematopoietic precursor cell,hematopoietic precursor cell,CL:0008001,skos:exactMatch,bonemarrow-codex-chop
Placental_Mac,hofbauer cell,Hofbauer cell,CL:3000001,skos:exactMatch,macrophage,macrophage,CL:0000235,skos:exactMatch,immune cell,leukocyte,CL:0000738,skos:exactMatch,maternalfetalinterface-mibitof-stanford
B_cell_macrophage_p?,immune cell,leukocyte,CL:0000738,skos:exactMatch,immune cell,leukocyte,CL:0000738,skos:exactMatch,immune cell,leukocyte,CL:0000738,skos:exactMatch,lung-codex-urmc
ICC,interstitial cell of cajal,interstitial cell of Cajal,CL:0002088,skos:exactMatch,neurecto-epithelial cell,neurecto-epithelial cell,CL:0000710,skos:exactMatch,mesenchymal cell,mesenchymal cell,CL:0008019,skos:exactMatch,intestine-codex-stanford
Keratinocyte,keratinocyte,keratinocyte,CL:0000312,skos:exactMatch,keratinocyte,keratinocyte,CL:0000312,skos:exactMatch,epithelial cell,epithelial cell,CL:0000066,skos:exactMatch,oralcavity-codex-czi
Basal Keratincytes,keratinocyte,keratinocyte,CL:0000312,skos:exactMatch,keratinocyte,keratinocyte,CL:0000312,skos:exactMatch,epithelial cell,epithelial cell,CL:0000066,skos:exactMatch,oralcavity-codex-czi
Suprabasal Keratinocytes,keratinocyte,keratinocyte,CL:0000312,skos:exactMatch,keratinocyte,keratinocyte,CL:0000312,skos:exactMatch,epithelial cell,epithelial cell,CL:0000066,skos:exactMatch,oralcavity-codex-czi
keratinocytes,keratinocyte,keratinocyte,CL:0000312,skos:exactMatch,keratinocyte,keratinocyte,CL:0000312,skos:exactMatch,epithelial cell,epithelial cell,CL:0000066,skos:exactMatch,skin-confocal-sorgerlab
DDB2,keratinocyte:ddb2+,keratinocyte:ddb2-positive,CL:0000312,skos:narrowMatch,keratinocyte,keratinocyte,CL:0000312,skos:exactMatch,epithelial cell,epithelial cell,CL:0000066,skos:exactMatch,skin-celldive-ge
KI67,keratinocyte:ki67+ proliferating,keratinocyte:ki67-positive proliferating,CL:0000312,skos:narrowMatch,keratinocyte,keratinocyte,CL:0000312,skos:exactMatch,epithelial cell,epithelial cell,CL:0000066,skos:exactMatch,skin-celldive-ge
P53,keratinocyte:p53+ ,keratinocyte:p53-positive,CL:0000312,skos:narrowMatch,keratinocyte,keratinocyte,CL:0000312,skos:exactMatch,epithelial cell,epithelial cell,CL:0000066,skos:exactMatch,skin-celldive-ge
Langerhan cells,langerhans cell,Langerhans cell,CL:0000453,skos:exactMatch,langerhans cell,Langerhans cell,CL:0000453,skos:exactMatch,immune cell,leukocyte,CL:0000738,skos:exactMatch,skin-confocal-sorgerlab
Langerhans Cells,langerhans cell,Langerhans cell,CL:0000453,skos:exactMatch,langerhans cell,Langerhans cell,CL:0000453,skos:exactMatch,immune cell,leukocyte,CL:0000738,skos:exactMatch,oralcavity-codex-czi
Leukocyte,leukocyte,leukocyte,CL:0000738,skos:exactMatch,leukocyte,leukocyte,CL:0000738,skos:exactMatch,immune cell,leukocyte,CL:0000738,skos:exactMatch,lung-codex-urmc
Other Immune,leukocyte,leukocyte,CL:0000738,skos:exactMatch,leukocyte,leukocyte,CL:0000738,skos:exactMatch,immune cell,leukocyte,CL:0000738,skos:exactMatch,skin-confocal-sorgerlab
CD7+ Immune,lymphocyte:cd7+,CD7-positive lymphoid progenitor cell,CL:0001028,skos:exactMatch,lymphoid cell,lymphocyte,CL:0000542,skos:exactMatch,immune cell,leukocyte,CL:0000738,skos:exactMatch,intestine-codex-stanford
DN Lymphocyte,lymphocyte:double-negative,double negative thymocyte,CL:0002489,skos:exactMatch,t cell,T cell,CL:0000084,skos:exactMatch,immune cell,leukocyte,CL:0000738,skos:exactMatch,colon-cycif-sorgerlab
DP Lymphocyte,lymphocyte:double-positive alpha-beta,"double-positive, alpha-beta thymocyte",CL:0000809,skos:exactMatch,t cell,T cell,CL:0000084,skos:exactMatch,immune cell,leukocyte,CL:0000738,skos:exactMatch,colon-cycif-sorgerlab
Lymphocyte(III),lymphocyte:iii,lymphocyte:III,CL:0000542,skos:narrowMatch,t cell,T cell,CL:0000084,skos:exactMatch,immune cell,leukocyte,CL:0000738,skos:exactMatch,colon-cycif-sorgerlab
PDL1+ lymphocyte,lymphocyte:pdl1+,lymphocyte:pdl1-positive,CL:0000542,skos:narrowMatch,t cell,T cell,CL:0000084,skos:exactMatch,immune cell,leukocyte,CL:0000738,skos:exactMatch,colon-cycif-sorgerlab
Innate,lymphoid cell:innate,innate lymphoid cell,CL:0001065,skos:exactMatch,lymphoid cell,lymphocyte,CL:0000542,skos:exactMatch,immune cell,leukocyte,CL:0000738,skos:exactMatch,tonsil-codex-stanford
ILC,lymphoid cell:innate,innate lymphoid cell,CL:0001065,skos:exactMatch,lymphoid cell,lymphocyte,CL:0000542,skos:exactMatch,immune cell,leukocyte,CL:0000738,skos:exactMatch,lymphnode-codex-yale
Innate,lymphoid cell:innate,innate lymphoid cell,CL:0001065,skos:exactMatch,lymphoid cell,lymphocyte,CL:0000542,skos:exactMatch,immune cell,leukocyte,CL:0000738,skos:exactMatch,esophagus-codex-stanford
ILCs,lymphoid cell:innate,innate lymphoid cell,CL:0001065,skos:exactMatch,lymphoid cell,lymphocyte,CL:0000542,skos:exactMatch,immune cell,leukocyte,CL:0000738,skos:exactMatch,colon-xenium-stanford
CLP,lymphoid progenitor cell:common,common lymphoid progenitor,CL:0000051,skos:exactMatch,progenitor cell,hematopoietic precursor cell,CL:0008001,skos:exactMatch,hematopoietic precursor cell,hematopoietic precursor cell,CL:0008001,skos:exactMatch,bonemarrow-codex-chop
Macrophages_M2,macrophage,macrophage,CL:0000235,skos:exactMatch,macrophage,macrophage,CL:0000235,skos:exactMatch,immune cell,leukocyte,CL:0000738,skos:exactMatch,lymphnode-codex-yale
M2 Macrophage,macrophage,macrophage,CL:0000235,skos:exactMatch,macrophage,macrophage,CL:0000235,skos:exactMatch,immune cell,leukocyte,CL:0000738,skos:exactMatch,intestine-codex-stanford
Macrophage,macrophage,macrophage,CL:0000235,skos:exactMatch,macrophage,macrophage,CL:0000235,skos:exactMatch,immune cell,leukocyte,CL:0000738,skos:exactMatch,oralcavity-codex-czi
macrophage_CD1c+_myeloidDC,macrophage,alveolar macrophage,CL:0000583,skos:exactMatch,macrophage,macrophage,CL:0000235,skos:exactMatch,immune cell,leukocyte,CL:0000738,skos:exactMatch,lung-codex-urmc
Macrophages,macrophage,macrophage,CL:0000235,skos:exactMatch,macrophage,macrophage,CL:0000235,skos:exactMatch,immune cell,leukocyte,CL:0000738,skos:exactMatch,bonemarrow-codex-chop
Macrophages,macrophage,macrophage,CL:0000235,skos:exactMatch,macrophage,macrophage,CL:0000235,skos:exactMatch,immune cell,leukocyte,CL:0000738,skos:exactMatch,colon-xenium-stanford
CD68,macrophage,macrophage,CL:0000235,skos:exactMatch,macrophage,macrophage,CL:0000235,skos:exactMatch,immune cell,leukocyte,CL:0000738,skos:exactMatch,skin-celldive-ge
Macrophage,macrophage,macrophage,CL:0000235,skos:exactMatch,macrophage,macrophage,CL:0000235,skos:exactMatch,immune cell,leukocyte,CL:0000738,skos:exactMatch,skin-confocal-sorgerlab
macrophage,macrophage,macrophage,CL:0000235,skos:exactMatch,macrophage,macrophage,CL:0000235,skos:exactMatch,immune cell,leukocyte,CL:0000738,skos:exactMatch,lung-codex-urmc
macrophage_3,macrophage,macrophage,CL:0000235,skos:exactMatch,macrophage,macrophage,CL:0000235,skos:exactMatch,immune cell,leukocyte,CL:0000738,skos:exactMatch,lung-codex-urmc
macrophage_2,macrophage,macrophage,CL:0000235,skos:exactMatch,macrophage,macrophage,CL:0000235,skos:exactMatch,immune cell,leukocyte,CL:0000738,skos:exactMatch,lung-codex-urmc
Macrophages_M1,macrophage,macrophage,CL:0000235,skos:exactMatch,macrophage,macrophage,CL:0000235,skos:exactMatch,immune cell,leukocyte,CL:0000738,skos:exactMatch,lymphnode-codex-yale
Macrophages,macrophage,macrophage,CL:0000235,skos:exactMatch,macrophage,macrophage,CL:0000235,skos:exactMatch,immune cell,leukocyte,CL:0000738,skos:exactMatch,spleen-codex-ufl
macrophage_p,macrophage,macrophage,CL:0000235,skos:exactMatch,macrophage,macrophage,CL:0000235,skos:exactMatch,immune cell,leukocyte,CL:0000738,skos:exactMatch,lung-codex-urmc
Mac1a,macrophage:1a,macrophage:1a,CL:0000235,skos:narrowMatch,macrophage,macrophage,CL:0000235,skos:exactMatch,immune cell,leukocyte,CL:0000738,skos:exactMatch,maternalfetalinterface-mibitof-stanford
Mac1b,macrophage:1b,macrophage:1b,CL:0000235,skos:narrowMatch,macrophage,macrophage,CL:0000235,skos:exactMatch,immune cell,leukocyte,CL:0000738,skos:exactMatch,maternalfetalinterface-mibitof-stanford
Mac2a,macrophage:2a,macrophage:2a,CL:0000235,skos:narrowMatch,macrophage,macrophage,CL:0000235,skos:exactMatch,immune cell,leukocyte,CL:0000738,skos:exactMatch,maternalfetalinterface-mibitof-stanford
Mac2b,macrophage:2b,macrophage:2b,CL:0000235,skos:narrowMatch,macrophage,macrophage,CL:0000235,skos:exactMatch,immune cell,leukocyte,CL:0000738,skos:exactMatch,maternalfetalinterface-mibitof-stanford
Mac2c,macrophage:2c,macrophage:2c,CL:0000235,skos:narrowMatch,macrophage,macrophage,CL:0000235,skos:exactMatch,immune cell,leukocyte,CL:0000738,skos:exactMatch,maternalfetalinterface-mibitof-stanford
Macrophage(I),macrophage:i,macrophage:I,CL:0000235,skos:narrowMatch,macrophage,macrophage,CL:0000235,skos:exactMatch,immune cell,leukocyte,CL:0000738,skos:exactMatch,colon-cycif-sorgerlab
Macrophage(II),macrophage:ii,macrophage:II,CL:0000235,skos:narrowMatch,macrophage,macrophage,CL:0000235,skos:exactMatch,immune cell,leukocyte,CL:0000738,skos:exactMatch,colon-cycif-sorgerlab
Macrophage(III),macrophage:iii,macrophage:III,CL:0000235,skos:narrowMatch,macrophage,macrophage,CL:0000235,skos:exactMatch,immune cell,leukocyte,CL:0000738,skos:exactMatch,colon-cycif-sorgerlab
M1 Macrophage,macrophage:inflammatory,inflammatory macrophage,CL:0000863,skos:exactMatch,macrophage,macrophage,CL:0000235,skos:exactMatch,immune cell,leukocyte,CL:0000738,skos:exactMatch,intestine-codex-stanford
lung Intersitial macrophage,macrophage:interstitial,lung interstitial macrophage,CL:4033043,skos:narrowMatch,macrophage,macrophage,CL:0000235,skos:exactMatch,immune cell,leukocyte,CL:0000738,skos:exactMatch,lung-codex-urmc
Macrophage(IV),macrophage:iv,macrophage:IV,CL:0000235,skos:narrowMatch,macrophage,macrophage,CL:0000235,skos:exactMatch,immune cell,leukocyte,CL:0000738,skos:exactMatch,colon-cycif-sorgerlab
PDL1+ Macrophage,macrophage:pdl1+,macrophage:pdl1-positive,CL:0000235,skos:narrowMatch,macrophage,macrophage,CL:0000235,skos:exactMatch,immune cell,leukocyte,CL:0000738,skos:exactMatch,colon-cycif-sorgerlab
Mast,mast cell,mast cell,CL:0000097,skos:exactMatch,mast cell,mast cell,CL:0000097,skos:exactMatch,immune cell,leukocyte,CL:0000738,skos:exactMatch,lymphnode-codex-yale
Mast Cells,mast cell,mast cell,CL:0000097,skos:exactMatch,mast cell,mast cell,CL:0000097,skos:exactMatch,immune cell,leukocyte,CL:0000738,skos:exactMatch,oralcavity-codex-czi
Mast,mast cell,mast cell,CL:0000097,skos:exactMatch,mast cell,mast cell,CL:0000097,skos:exactMatch,immune cell,leukocyte,CL:0000738,skos:exactMatch,colon-xenium-stanford
Mast,mast cell,mast cell,CL:0000097,skos:exactMatch,mast cell,mast cell,CL:0000097,skos:exactMatch,immune cell,leukocyte,CL:0000738,skos:exactMatch,maternalfetalinterface-mibitof-stanford
Mast cell,mast cell,mast cell,CL:0000097,skos:exactMatch,mast cell,mast cell,CL:0000097,skos:exactMatch,immune cell,leukocyte,CL:0000738,skos:exactMatch,lung-codex-urmc
megakaryocyte,megakaryocyte,megakaryocyte,CL:0000556,skos:exactMatch,megakaryocyte,megakaryocyte,CL:0000556,skos:exactMatch,hematopoietic precursor cell,hematopoietic precursor cell,CL:0008001,skos:exactMatch,lung-codex-urmc
GATA1pos_Mks,megakaryocyte:gata1+,megakaryocyte:gata1-positive,CL:0000556,skos:narrowMatch,megakaryocyte,megakaryocyte,CL:0000556,skos:exactMatch,hematopoietic precursor cell,hematopoietic precursor cell,CL:0008001,skos:exactMatch,bonemarrow-codex-chop
GATA1neg_Mks,megakaryocyte:gata1-,megakaryocyte:gata1-negative,CL:0000556,skos:narrowMatch,megakaryocyte,megakaryocyte,CL:0000556,skos:exactMatch,hematopoietic precursor cell,hematopoietic precursor cell,CL:0008001,skos:exactMatch,bonemarrow-codex-chop
Adipo-MSC,mesenchymal stem cell of adipose tissue,mesenchymal stem cell of adipose tissue,CL:0002570,skos:exactMatch,mesenchymal stem cell,mesenchymal stem cell,CL:0000134,skos:exactMatch,mesenchymal cell,mesenchymal cell,CL:0008019,skos:exactMatch,bonemarrow-codex-chop
THY1+ MSC,mesenchymal stem/stromal cell:thy1+,mesenchymal stem cell:thy1-positive,CL:0000134,skos:narrowMatch,mesenchymal stem/stromal cell,mesenchymal stem cell,CL:0000134,skos:exactMatch,hematopoietic precursor cell,hematopoietic precursor cell,CL:0008001,skos:exactMatch,bonemarrow-codex-chop
Lung_Epithelil_2_CD4+_T_cell,mixed t cell/epithelial cell population,cell:mixed t cell/epithelial cell population,CL:0000000,skos:narrowMatch,mixed t cell/epithelial cell population,T cell/epithelial cell,CL:0000084/CL:0000066,skos:narrowMatch,mixed immune/epithelial cell population,T cell/epithelial cell,CL:0000084/CL:0000066,skos:narrowMatch,lung-codex-urmc
Monocytes,monocyte,monocyte,CL:0000576,skos:exactMatch,monocyte,monocyte,CL:0000576,skos:exactMatch,immune cell,leukocyte,CL:0000738,skos:exactMatch,lymphnode-codex-yale
Monocytes,monocyte,monocyte,CL:0000576,skos:exactMatch,monocyte,monocyte,CL:0000576,skos:exactMatch,immune cell,leukocyte,CL:0000738,skos:exactMatch,bonemarrow-codex-chop
Monocyte-Macrophage,monocyte,monocyte,CL:0000576,skos:exactMatch,macrophage,macrophage,CL:0000235,skos:exactMatch,immune cell,leukocyte,CL:0000738,skos:exactMatch,oralcavity-codex-czi
Non-Classical Monocyte,monocyte:non-classical,non-classical monocyte,CL:0000875,skos:exactMatch,monocyte,monocyte,CL:0000576,skos:exactMatch,immune cell,leukocyte,CL:0000738,skos:exactMatch,bonemarrow-codex-chop
Mural Cells,mural cell,mural cell,CL:0008034,skos:exactMatch,perivascular cell,perivascular cell,CL:4033054,skos:exactMatch,mesenchymal cell,mesenchymal cell,CL:0008019,skos:exactMatch,oralcavity-codex-czi
muscle,muscle cell,muscle cell,CL:0000187,skos:exactMatch,muscle cell,muscle cell,CL:0000187,skos:exactMatch,mesenchymal cell,mesenchymal cell,CL:0008019,skos:exactMatch,maternalfetalinterface-mibitof-stanford
Skeletal Myocytes,muscle cell:skeletal,cell of skeletal muscle,CL:0000188,skos:exactMatch,muscle cell,muscle cell,CL:0000187,skos:exactMatch,mesenchymal cell,mesenchymal cell,CL:0008019,skos:exactMatch,oralcavity-codex-czi
Smooth muscle,muscle cell:smooth,smooth muscle cell,CL:0000192,skos:exactMatch,muscle cell,muscle cell,CL:0000187,skos:exactMatch,mesenchymal cell,mesenchymal cell,CL:0008019,skos:exactMatch,intestine-codex-stanford
SMC_1,muscle cell:smooth,smooth muscle cell,CL:0000192,skos:exactMatch,muscle cell,muscle cell,CL:0000187,skos:exactMatch,mesenchymal cell,mesenchymal cell,CL:0008019,skos:exactMatch,lung-codex-urmc
VSMC,muscle cell:smooth,smooth muscle cell,CL:0000192,skos:exactMatch,muscle cell,muscle cell,CL:0000187,skos:exactMatch,mesenchymal cell,mesenchymal cell,CL:0008019,skos:exactMatch,lymphnode-codex-yale
SMC_2,muscle cell:smooth,smooth muscle cell,CL:0000192,skos:exactMatch,muscle cell,muscle cell,CL:0000187,skos:exactMatch,mesenchymal cell,mesenchymal cell,CL:0008019,skos:exactMatch,lung-codex-urmc
SmoothMuscle,muscle cell:smooth,smooth muscle cell,CL:0000192,skos:exactMatch,muscle cell,muscle cell,CL:0000187,skos:exactMatch,mesenchymal cell,mesenchymal cell,CL:0008019,skos:exactMatch,tonsil-codex-stanford
smooth muscle_2,muscle cell:smooth,smooth muscle cell,CL:0000192,skos:exactMatch,muscle cell,muscle cell,CL:0000187,skos:exactMatch,mesenchymal cell,mesenchymal cell,CL:0008019,skos:exactMatch,lung-codex-urmc
SmoothMuscle,muscle cell:smooth,smooth muscle cell of the esophagus,CL:0002599,skos:exactMatch,muscle cell,muscle cell,CL:0000187,skos:exactMatch,mesenchymal cell,mesenchymal cell,CL:0008019,skos:exactMatch,esophagus-codex-stanford
VSMC,muscle cell:smooth,smooth muscle cell,CL:0000192,skos:exactMatch,muscle cell,muscle cell,CL:0000187,skos:exactMatch,mesenchymal cell,mesenchymal cell,CL:0008019,skos:exactMatch,bonemarrow-codex-chop
smooth muscle 1,muscle cell:smooth,smooth muscle cell,CL:0000192,skos:exactMatch,muscle cell,muscle cell,CL:0000187,skos:exactMatch,mesenchymal cell,mesenchymal cell,CL:0008019,skos:exactMatch,lung-codex-urmc
NPM1 Mutant Blast,mutant blast:npm1,,,,abnormal cell,abnormal cell,CL:0001061,skos:exactMatch,hematopoietic precursor cell,hematopoietic precursor cell,CL:0008001,skos:exactMatch,bonemarrow-codex-chop
Myeloid,myeloid cell,myeloid cell,CL:0000763,skos:exactMatch,myeloid cell,myeloid cell,CL:0000763,skos:exactMatch,immune cell,leukocyte,CL:0000738,skos:exactMatch,skin-confocal-sorgerlab
Myeloid cells,myeloid cell,myeloid cell,CL:0000763,skos:exactMatch,myeloid cell,myeloid cell,CL:0000763,skos:exactMatch,immune cell,leukocyte,CL:0000738,skos:exactMatch,spleen-codex-ufl
Intermediate Myeloid,myeloid cell:intermediate,myeloid cell:intermediate,CL:0000763,skos:narrowMatch,myeloid precursor,common myeloid progenitor,CL:0000049,skos:exactMatch,hematopoietic precursor cell,hematopoietic precursor cell,CL:0008001,skos:exactMatch,bonemarrow-codex-chop
Mature Myeloid,myeloid cell:mature,myeloid cell:mature,CL:0000763,skos:narrowMatch,myeloid cell,myeloid cell,CL:0000763,skos:exactMatch,immune cell,leukocyte,CL:0000738,skos:exactMatch,bonemarrow-codex-chop
Early Myeloid Progenitor,myeloid progenitor cell:common,common myeloid progenitor,CL:0000049,skos:exactMatch,progenitor cell,hematopoietic precursor cell,CL:0008001,skos:exactMatch,hematopoietic precursor cell,hematopoietic precursor cell,CL:0008001,skos:exactMatch,bonemarrow-codex-chop
Myoepithelial Cells,myoepithelial cell,myoepithelial cell,CL:0000185,skos:exactMatch,myoepithelial cell,myoepithelial cell,CL:0000185,skos:exactMatch,epithelial cell,epithelial cell,CL:0000066,skos:exactMatch,oralcavity-codex-czi
Muscle/Fibroblast,myofibroblast,myofibroblast cell,CL:0000186,skos:exactMatch,fibroblast,fibroblast,CL:0000057,skos:exactMatch,mesenchymal cell,mesenchymal cell,CL:0008019,skos:exactMatch,colon-cycif-sorgerlab
Myofibroblasts,myofibroblast,myofibroblast cell,CL:0000186,skos:exactMatch,fibroblast,fibroblast,CL:0000057,skos:exactMatch,mesenchymal cell,mesenchymal cell,CL:0008019,skos:exactMatch,maternalfetalinterface-mibitof-stanford
myofibroblast,myofibroblast,myofibroblast cell,CL:0000186,skos:exactMatch,fibroblast,fibroblast,CL:0000057,skos:exactMatch,mesenchymal cell,mesenchymal cell,CL:0008019,skos:exactMatch,oralcavity-codex-czi
Myofibroblasts/Smooth Muscle 1,myofibroblast cell:smooth muscle 1,myofibroblast cell:smooth muscle-like 1,CL:0000186,skos:narrowMatch,fibroblast,fibroblast,CL:0000057,skos:exactMatch,mesenchymal cell,mesenchymal cell,CL:0008019,skos:exactMatch,colon-xenium-stanford
Myofibroblasts/Smooth Muscle 2,myofibroblast cell:smooth muscle 2,myofibroblast cell:smooth muscle-like 2,CL:0000186,skos:narrowMatch,fibroblast,fibroblast,CL:0000057,skos:exactMatch,mesenchymal cell,mesenchymal cell,CL:0008019,skos:exactMatch,colon-xenium-stanford
Myofibroblasts/Smooth Muscle 3,myofibroblast cell:smooth muscle 3,myofibroblast cell:smooth muscle-like 3,CL:0000186,skos:narrowMatch,fibroblast,fibroblast,CL:0000057,skos:exactMatch,mesenchymal cell,mesenchymal cell,CL:0008019,skos:exactMatch,colon-xenium-stanford
NK,natural killer cell,natural killer cell,CL:0000623,skos:exactMatch,natural killer cell,natural killer cell,CL:0000623,skos:exactMatch,immune cell,leukocyte,CL:0000738,skos:exactMatch,lymphnode-codex-yale
NK1,natural killer cell,natural killer cell,CL:0000623,skos:exactMatch,natural killer cell,natural killer cell,CL:0000623,skos:exactMatch,immune cell,leukocyte,CL:0000738,skos:exactMatch,maternalfetalinterface-mibitof-stanford
NK2,natural killer cell,natural killer cell,CL:0000623,skos:exactMatch,natural killer cell,natural killer cell,CL:0000623,skos:exactMatch,immune cell,leukocyte,CL:0000738,skos:exactMatch,maternalfetalinterface-mibitof-stanford
NK3,natural killer cell,natural killer cell,CL:0000623,skos:exactMatch,natural killer cell,natural killer cell,CL:0000623,skos:exactMatch,immune cell,leukocyte,CL:0000738,skos:exactMatch,maternalfetalinterface-mibitof-stanford
NK4,natural killer cell,natural killer cell,CL:0000623,skos:exactMatch,natural killer cell,natural killer cell,CL:0000623,skos:exactMatch,immune cell,leukocyte,CL:0000738,skos:exactMatch,maternalfetalinterface-mibitof-stanford
NK Cells,natural killer cell,natural killer cell,CL:0000623,skos:exactMatch,natural killer cell,natural killer cell,CL:0000623,skos:exactMatch,immune cell,leukocyte,CL:0000738,skos:exactMatch,oralcavity-codex-czi
NK,natural killer cell,natural killer cell,CL:0000623,skos:exactMatch,natural killer cell,natural killer cell,CL:0000623,skos:exactMatch,immune cell,leukocyte,CL:0000738,skos:exactMatch,intestine-codex-stanford
Tumor/Epithelial,neoplastic cell,neoplastic cell,CL:0001063,skos:exactMatch,abnormal cell,abnormal cell,CL:0001061,skos:exactMatch,epithelial cell,epithelial cell,CL:0000066,skos:exactMatch,colon-cycif-sorgerlab
Neuroendocrine,neuroendocrine cell,neuroendocrine cell,CL:0000165,skos:exactMatch,endocrine cell,endocrine cell,CL:0000163,skos:exactMatch,epithelial cell,epithelial cell,CL:0000066,skos:exactMatch,intestine-codex-stanford
Nerve,neuron,neuron,CL:0000540,skos:exactMatch,neuron,neuron,CL:0000540,skos:exactMatch,neural cell,neural cell,CL:0002319,skos:exactMatch,esophagus-codex-stanford
Neurons,neuron,neuron,CL:0000540,skos:exactMatch,neuron,neuron,CL:0000540,skos:exactMatch,neural cell,neural cell,CL:0002319,skos:exactMatch,colon-xenium-stanford
Nerve,neuron,neuron,CL:0000540,skos:exactMatch,neuron,neuron,CL:0000540,skos:exactMatch,neural cell,neural cell,CL:0002319,skos:exactMatch,tonsil-codex-stanford
Nerve,neuron,neuron,CL:0000540,skos:exactMatch,neuron,neuron,CL:0000540,skos:exactMatch,neural cell,neural cell,CL:0002319,skos:exactMatch,intestine-codex-stanford
Neutrophil,neutrophil,neutrophil,CL:0000775,skos:exactMatch,neutrophil,neutrophil,CL:0000775,skos:exactMatch,immune cell,leukocyte,CL:0000738,skos:exactMatch,intestine-codex-stanford
neutrophil_2,neutrophil,neutrophil,CL:0000775,skos:exactMatch,neutrophil,neutrophil,CL:0000775,skos:exactMatch,immune cell,leukocyte,CL:0000738,skos:exactMatch,lung-codex-urmc
Neutrophils,neutrophil,neutrophil,CL:0000775,skos:exactMatch,neutrophil,neutrophil,CL:0000775,skos:exactMatch,immune cell,leukocyte,CL:0000738,skos:exactMatch,oralcavity-codex-czi
neutrophil,neutrophil,neutrophil,CL:0000775,skos:exactMatch,neutrophil,neutrophil,CL:0000775,skos:exactMatch,immune cell,leukocyte,CL:0000738,skos:exactMatch,lung-codex-urmc
Neutrophils/Monocytes,neutrophil/monocyte,myeloid leukocyte:neutrophil/monocyte,CL:0000766,skos:narrowMatch,neutrophil,neutrophil,CL:0000775,skos:exactMatch,immune cell,leukocyte,CL:0000738,skos:exactMatch,spleen-codex-ufl
Paneth,paneth cell,paneth cell,CL:0000510,skos:exactMatch,paneth cell,paneth cell,CL:0000510,skos:exactMatch,epithelial cell,epithelial cell,CL:0000066,skos:exactMatch,intestine-codex-stanford
Paneth,paneth cell,paneth cell,CL:0000510,skos:exactMatch,paneth cell,paneth cell,CL:0000510,skos:exactMatch,epithelial cell,epithelial cell,CL:0000066,skos:exactMatch,esophagus-codex-stanford
Pericytes,pericyte,pericyte,CL:0000669,skos:exactMatch,pericyte,pericyte,CL:0000669,skos:exactMatch,mesenchymal cell,mesenchymal cell,CL:0008019,skos:exactMatch,colon-xenium-stanford
Plasma Cells,plasma cell,plasma cell,CL:0000786,skos:exactMatch,b cell,B cell,CL:0000236,skos:exactMatch,immune cell,leukocyte,CL:0000738,skos:exactMatch,bonemarrow-codex-chop
B_plasma,plasma cell,plasma cell,CL:0000786,skos:exactMatch,b cell,B cell,CL:0000236,skos:exactMatch,immune cell,leukocyte,CL:0000738,skos:exactMatch,lymphnode-codex-yale
Plasma,plasma cell,plasma cell,CL:0000786,skos:exactMatch,b cell,B cell,CL:0000236,skos:exactMatch,immune cell,leukocyte,CL:0000738,skos:exactMatch,tonsil-codex-stanford
Plasma,plasma cell,plasma cell,CL:0000786,skos:exactMatch,b cell,B cell,CL:0000236,skos:exactMatch,immune cell,leukocyte,CL:0000738,skos:exactMatch,colon-xenium-stanford
Plasma Cells,plasma cell,plasma cell,CL:0000786,skos:exactMatch,b cell,B cell,CL:0000236,skos:exactMatch,immune cell,leukocyte,CL:0000738,skos:exactMatch,oralcavity-codex-czi
Plasma,plasma cell,plasma cell,CL:0000786,skos:exactMatch,b cell,B cell,CL:0000236,skos:exactMatch,immune cell,leukocyte,CL:0000738,skos:exactMatch,intestine-codex-stanford
Plasma,plasma cell,plasma cell,CL:0000786,skos:exactMatch,b cell,B cell,CL:0000236,skos:exactMatch,immune cell,leukocyte,CL:0000738,skos:exactMatch,esophagus-codex-stanford
AT1_1,pneumocyte:type 1,pulmonary alveolar type 1 cell,CL:0002062,skos:exactMatch,type 1 pneumocyte,pulmonary alveolar type 1 cell,CL:0002062,skos:exactMatch,epithelial cell,epithelial cell,CL:0000066,skos:exactMatch,lung-codex-urmc
AT1 _2,pneumocyte:type 1,pulmonary alveolar type 1 cell,CL:0002062,skos:exactMatch,type 1 pneumocyte,pulmonary alveolar type 1 cell,CL:0002062,skos:exactMatch,epithelial cell,epithelial cell,CL:0000066,skos:exactMatch,lung-codex-urmc
AT2_p,pneumocyte:type 2 ,pulmonary alveolar type 2 cell,CL:0002063,skos:exactMatch,type 2 pneumocyte,pulmonary alveolar type 2 cell,CL:0002063,skos:exactMatch,epithelial cell,epithelial cell,CL:0000066,skos:exactMatch,lung-codex-urmc
AT2_2,pneumocyte:type 2 ,pulmonary alveolar type 2 cell,CL:0002063,skos:exactMatch,type 2 pneumocyte,pulmonary alveolar type 2 cell,CL:0002063,skos:exactMatch,epithelial cell,epithelial cell,CL:0000066,skos:exactMatch,lung-codex-urmc
AT2,pneumocyte:type 2 ,pulmonary alveolar type 2 cell,CL:0002063,skos:exactMatch,type 2 pneumocyte,pulmonary alveolar type 2 cell,CL:0002063,skos:exactMatch,epithelial cell,epithelial cell,CL:0000066,skos:exactMatch,lung-codex-urmc
AT2_1,pneumocyte:type 2 ,pulmonary alveolar type 2 cell,CL:0002063,skos:exactMatch,type 2 pneumocyte,pulmonary alveolar type 2 cell,CL:0002063,skos:exactMatch,epithelial cell,epithelial cell,CL:0000066,skos:exactMatch,lung-codex-urmc
Schwann Cells,schwann cell,Schwann cell,CL:0002573,skos:exactMatch,neuroglial cell,glial cell,CL:0000125,skos:exactMatch,neural cell,neural cell,CL:0002319,skos:exactMatch,bonemarrow-codex-chop
Squamous_epithelial,squamous epithelial cell,squamous epithelial cell,CL:0000076,skos:exactMatch,squamous epithelial cell,squamous epithelial cell,CL:0000076,skos:exactMatch,epithelial cell,epithelial cell,CL:0000066,skos:exactMatch,esophagus-codex-stanford
Squamous_epithelial,squamous epithelial cell,squamous epithelial cell,CL:0000076,skos:exactMatch,squamous epithelial cell,squamous epithelial cell,CL:0000076,skos:exactMatch,epithelial cell,epithelial cell,CL:0000066,skos:exactMatch,tonsil-codex-stanford
Stem,stem cell,stem cell,CL:0000034,skos:exactMatch,stem cell,stem cell,CL:0000034,skos:exactMatch,epithelial cell,epithelial cell,CL:0000066,skos:exactMatch,colon-xenium-stanford
Stroma,stromal cell,stromal cell,CL:0000499,skos:exactMatch,stromal cell,stromal cell,CL:0000499,skos:exactMatch,mesenchymal cell,mesenchymal cell,CL:0008019,skos:exactMatch,esophagus-codex-stanford
Stroma,stromal cell,stromal cell,CL:0000499,skos:exactMatch,stromal cell,stromal cell,CL:0000499,skos:exactMatch,mesenchymal cell,mesenchymal cell,CL:0008019,skos:exactMatch,intestine-codex-stanford
Stroma,stromal cell,stromal cell,CL:0000499,skos:exactMatch,stromal cell,stromal cell,CL:0000499,skos:exactMatch,mesenchymal cell,mesenchymal cell,CL:0008019,skos:exactMatch,tonsil-codex-stanford
PDPN,stromal cell:podoplanin+,stromal cell:podoplanin-positive,CL:0000499,skos:narrowMatch,stromal cell,stromal cell,CL:0000499,skos:exactMatch,mesenchymal cell,mesenchymal cell,CL:0008019,skos:exactMatch,esophagus-codex-stanford
PDPN,stromal cell:podoplanin+,stromal cell:podoplanin-positive,CL:0000499,skos:narrowMatch,stromal cell,stromal cell,CL:0000499,skos:exactMatch,mesenchymal cell,mesenchymal cell,CL:0008019,skos:exactMatch,tonsil-codex-stanford
T,t cell,T cell,CL:0000084,skos:exactMatch,t cell,T cell,CL:0000084,skos:exactMatch,immune cell,leukocyte,CL:0000738,skos:exactMatch,esophagus-codex-stanford
gd T Cells,t cell,T cell,CL:0000084,skos:exactMatch,t cell,T cell,CL:0000084,skos:exactMatch,immune cell,leukocyte,CL:0000738,skos:exactMatch,oralcavity-codex-czi
T,t cell,T cell,CL:0000084,skos:exactMatch,t cell,T cell,CL:0000084,skos:exactMatch,immune cell,leukocyte,CL:0000738,skos:exactMatch,tonsil-codex-stanford
CD8 T,t cell,T cell,CL:0000084,skos:exactMatch,t cell,T cell,CL:0000084,skos:exactMatch,immune cell,leukocyte,CL:0000738,skos:exactMatch,skin-confocal-sorgerlab
CD8+_T_cell_CD_4+_T_cell,t cell,T cell,CL:0000084,skos:exactMatch,t cell,T cell,CL:0000084,skos:exactMatch,immune cell,leukocyte,CL:0000738,skos:exactMatch,lung-codex-urmc
CD4 T Cells,t cell:cd4+,"CD4-positive, alpha-beta T cell",CL:0000624,skos:exactMatch,t cell,T cell,CL:0000084,skos:exactMatch,immune cell,leukocyte,CL:0000738,skos:exactMatch,oralcavity-codex-czi
CD4 T,t cell:cd4+,"CD4-positive, alpha-beta T cell",CL:0000624,skos:exactMatch,t cell,T cell,CL:0000084,skos:exactMatch,immune cell,leukocyte,CL:0000738,skos:exactMatch,skin-confocal-sorgerlab
CD4+ T cell,t cell:cd4+,"CD4-positive, alpha-beta T cell",CL:0000624,skos:exactMatch,t cell,T cell,CL:0000084,skos:exactMatch,immune cell,leukocyte,CL:0000738,skos:exactMatch,intestine-codex-stanford
Th,t cell:cd4+,"CD4-positive, alpha-beta T cell",CL:0000624,skos:exactMatch,t cell,T cell,CL:0000084,skos:exactMatch,immune cell,leukocyte,CL:0000738,skos:exactMatch,oralcavity-codex-czi
T helper,t cell:cd4+,"CD4-positive, alpha-beta T cell",CL:0000624,skos:exactMatch,t cell,T cell,CL:0000084,skos:exactMatch,immune cell,leukocyte,CL:0000738,skos:exactMatch,colon-cycif-sorgerlab
T-Helper,t cell:cd4+,"CD4-positive, alpha-beta T cell",CL:0000624,skos:exactMatch,t cell,T cell,CL:0000084,skos:exactMatch,immune cell,leukocyte,CL:0000738,skos:exactMatch,skin-celldive-ge
CD4+ T-Cell,t cell:cd4+ alpha-beta,"CD4-positive, alpha-beta T cell",CL:0000624,skos:exactMatch,t cell,T cell,CL:0000084,skos:exactMatch,immune cell,leukocyte,CL:0000738,skos:exactMatch,bonemarrow-codex-chop
CD4+,t cell:cd4+ alpha-beta,"CD4-positive, alpha-beta T cell",CL:0000624,skos:exactMatch,t cell,T cell,CL:0000084,skos:exactMatch,immune cell,leukocyte,CL:0000738,skos:exactMatch,colon-xenium-stanford
CD4+_T_cell_2,t cell:cd4+ alpha-beta,"CD4-positive, alpha-beta T cell",CL:0000624,skos:exactMatch,t cell,T cell,CL:0000084,skos:exactMatch,immune cell,leukocyte,CL:0000738,skos:exactMatch,lung-codex-urmc
CD4+_T_cell_3,t cell:cd4+ alpha-beta,"CD4-positive, alpha-beta T cell",CL:0000624,skos:exactMatch,t cell,T cell,CL:0000084,skos:exactMatch,immune cell,leukocyte,CL:0000738,skos:exactMatch,lung-codex-urmc
CD4_+_Tcell/macrophage,t cell:cd4+ alpha-beta,"lung resident memory CD4-positive, alpha-beta T cell",CL:4033038,skos:exactMatch,t cell,T cell,CL:0000084,skos:exactMatch,immune cell,leukocyte,CL:0000738,skos:exactMatch,lung-codex-urmc
CD4+_T_cell_1,t cell:cd4+ alpha-beta,"CD4-positive, alpha-beta T cell",CL:0000624,skos:exactMatch,t cell,T cell,CL:0000084,skos:exactMatch,immune cell,leukocyte,CL:0000738,skos:exactMatch,lung-codex-urmc
CD4+ T cell,t cell:cd4+ alpha-beta,"CD4-positive, alpha-beta T cell",CL:0000624,skos:exactMatch,t cell,T cell,CL:0000084,skos:exactMatch,immune cell,leukocyte,CL:0000738,skos:exactMatch,lung-codex-urmc
CD4T,t cell:cd4+ alpha-beta,"CD4-positive, alpha-beta T cell",CL:0000624,skos:exactMatch,t cell,T cell,CL:0000084,skos:exactMatch,immune cell,leukocyte,CL:0000738,skos:exactMatch,maternalfetalinterface-mibitof-stanford
T_CD4+,t cell:cd4+ alpha-beta effector,"effector CD4-positive, alpha-beta T cell",CL:0001044,skos:exactMatch,t cell,T cell,CL:0000084,skos:exactMatch,immune cell,leukocyte,CL:0000738,skos:exactMatch,lymphnode-codex-yale
CD4 Memory T cells,t cell:cd4+ alpha-beta memory,"CD4-positive, alpha-beta memory T cell",CL:0000897,skos:exactMatch,t cell,T cell,CL:0000084,skos:exactMatch,immune cell,leukocyte,CL:0000738,skos:exactMatch,spleen-codex-ufl
T_CD4+_naive,t cell:cd4+ alpha-beta naive thymus-derived,"naive thymus-derived CD4-positive, alpha-beta T cell",CL:0000895,skos:exactMatch,t cell,T cell,CL:0000084,skos:exactMatch,immune cell,leukocyte,CL:0000738,skos:exactMatch,lymphnode-codex-yale
PD1+ T helper,t cell:cd4+ pdl1+,"CD4-positive, alpha-beta T cell:pdl1-positive",CL:0000624,skos:narrowMatch,t cell,T cell,CL:0000084,skos:exactMatch,immune cell,leukocyte,CL:0000738,skos:exactMatch,colon-cycif-sorgerlab
T-Killer,t cell:cd8+,"CD8-positive, alpha-beta T cell",CL:0000625,skos:exactMatch,t cell,T cell,CL:0000084,skos:exactMatch,immune cell,leukocyte,CL:0000738,skos:exactMatch,skin-celldive-ge
CD8+ T cell_2,t cell:cd8+,"lung resident memory CD8-positive, alpha-beta T cell",CL:4033039,skos:exactMatch,t cell,T cell,CL:0000084,skos:exactMatch,immune cell,leukocyte,CL:0000738,skos:exactMatch,lung-codex-urmc
CD8 T Cells,t cell:cd8+,"CD8-positive, alpha-beta T cell",CL:0000625,skos:exactMatch,t cell,T cell,CL:0000084,skos:exactMatch,immune cell,leukocyte,CL:0000738,skos:exactMatch,oralcavity-codex-czi
CD8+_T_cell_1,t cell:cd8+,"lung resident memory CD8-positive, alpha-beta T cell",CL:4033039,skos:exactMatch,t cell,T cell,CL:0000084,skos:exactMatch,immune cell,leukocyte,CL:0000738,skos:exactMatch,lung-codex-urmc
T_CD8+_cytotoxic,t cell:cd8+,"CD8-positive, alpha-beta T cell",CL:0000625,skos:exactMatch,t cell,T cell,CL:0000084,skos:exactMatch,immune cell,leukocyte,CL:0000738,skos:exactMatch,lymphnode-codex-yale
T_CD8+_naive,t cell:cd8+,"CD8-positive, alpha-beta T cell",CL:0000625,skos:exactMatch,t cell,T cell,CL:0000084,skos:exactMatch,immune cell,leukocyte,CL:0000738,skos:exactMatch,lymphnode-codex-yale
Tc,t cell:cd8+,"CD8-positive, alpha-beta T cell",CL:0000625,skos:exactMatch,t cell,T cell,CL:0000084,skos:exactMatch,immune cell,leukocyte,CL:0000738,skos:exactMatch,oralcavity-codex-czi
CD8 + T cell_1,t cell:cd8+,"lung resident memory CD8-positive, alpha-beta T cell",CL:4033039,skos:exactMatch,t cell,T cell,CL:0000084,skos:exactMatch,immune cell,leukocyte,CL:0000738,skos:exactMatch,lung-codex-urmc
CD8+_T_cell_3,t cell:cd8+,"lung resident memory CD8-positive, alpha-beta T cell",CL:4033039,skos:exactMatch,t cell,T cell,CL:0000084,skos:exactMatch,immune cell,leukocyte,CL:0000738,skos:exactMatch,lung-codex-urmc
Tc cell,t cell:cd8+,"CD8-positive, alpha-beta T cell",CL:0000625,skos:exactMatch,t cell,T cell,CL:0000084,skos:exactMatch,immune cell,leukocyte,CL:0000738,skos:exactMatch,colon-cycif-sorgerlab
CD8+_T_cell_2,t cell:cd8+,"lung resident memory CD8-positive, alpha-beta T cell",CL:4033039,skos:exactMatch,t cell,T cell,CL:0000084,skos:exactMatch,immune cell,leukocyte,CL:0000738,skos:exactMatch,lung-codex-urmc
CD8+ T,t cell:cd8+ alpha-beta,"CD8-positive, alpha-beta T cell",CL:0000625,skos:exactMatch,t cell,T cell,CL:0000084,skos:exactMatch,immune cell,leukocyte,CL:0000738,skos:exactMatch,intestine-codex-stanford
CD8T,t cell:cd8+ alpha-beta,"CD8-positive, alpha-beta T cell",CL:0000625,skos:exactMatch,t cell,T cell,CL:0000084,skos:exactMatch,immune cell,leukocyte,CL:0000738,skos:exactMatch,maternalfetalinterface-mibitof-stanford
CD8+,t cell:cd8+ alpha-beta effector memory,"effector memory CD8-positive, alpha-beta T cell",CL:0000913,skos:exactMatch,t cell,T cell,CL:0000084,skos:exactMatch,immune cell,leukocyte,CL:0000738,skos:exactMatch,colon-xenium-stanford
CD8 Memory T cells,t cell:cd8+ alpha-beta memory,"CD8-positive, alpha-beta memory T cell",CL:0000909,skos:exactMatch,t cell,T cell,CL:0000084,skos:exactMatch,immune cell,leukocyte,CL:0000738,skos:exactMatch,spleen-codex-ufl
CD8+ T-Cell,t cell:cd8+ alpha-beta regulatory ,"CD8-positive, alpha-beta regulatory T cell",CL:0000795,skos:exactMatch,t cell,T cell,CL:0000084,skos:exactMatch,immune cell,leukocyte,CL:0000738,skos:exactMatch,bonemarrow-codex-chop
T_CD8+_CD161+,t cell:cd8+ cd161+,"CD8-positive, alpha-beta T cell:CD161-positive",CL:0000625,skos:narrowMatch,t cell,T cell,CL:0000084,skos:exactMatch,immune cell,leukocyte,CL:0000738,skos:exactMatch,lymphnode-codex-yale
PD1+ Tc,t cell:cd8+ pdl1+,"CD8-positive, alpha-beta T cell:pdl1-positive",CL:0000625,skos:narrowMatch,t cell,T cell,CL:0000084,skos:exactMatch,immune cell,leukocyte,CL:0000738,skos:exactMatch,colon-cycif-sorgerlab
T_CD4+_TfH_GC,t cell:follicular helper,T follicular helper cell,CL:0002038,skos:exactMatch,t cell,T cell,CL:0000084,skos:exactMatch,immune cell,leukocyte,CL:0000738,skos:exactMatch,lymphnode-codex-yale
T_CD4+_TfH,t cell:follicular helper,T follicular helper cell,CL:0002038,skos:exactMatch,t cell,T cell,CL:0000084,skos:exactMatch,immune cell,leukocyte,CL:0000738,skos:exactMatch,lymphnode-codex-yale
NKT,t cell:mature natural killer ,mature NK T cell,CL:0000814,skos:exactMatch,t cell,T cell,CL:0000084,skos:exactMatch,immune cell,leukocyte,CL:0000738,skos:exactMatch,lymphnode-codex-yale
NKT,t cell:mature natural killer ,mature NK T cell,CL:0000814,skos:exactMatch,t cell,T cell,CL:0000084,skos:exactMatch,immune cell,leukocyte,CL:0000738,skos:exactMatch,maternalfetalinterface-mibitof-stanford
Tissue T,t cell:memory,memory T cell,CL:0000813,skos:exactMatch,t cell,T cell,CL:0000084,skos:exactMatch,immune cell,leukocyte,CL:0000738,skos:exactMatch,skin-confocal-sorgerlab
Naive T,t cell:naive,naive T cell,CL:0000898,skos:exactMatch,t cell,T cell,CL:0000084,skos:exactMatch,immune cell,leukocyte,CL:0000738,skos:exactMatch,colon-xenium-stanford
T reg,t cell:regulatory,regulatory T cell,CL:0000815,skos:exactMatch,t cell,T cell,CL:0000084,skos:exactMatch,immune cell,leukocyte,CL:0000738,skos:exactMatch,skin-confocal-sorgerlab
Treg,t cell:regulatory,regulatory T cell,CL:0000815,skos:exactMatch,t cell,T cell,CL:0000084,skos:exactMatch,immune cell,leukocyte,CL:0000738,skos:exactMatch,oralcavity-codex-czi
Treg,t cell:regulatory,regulatory T cell,CL:0000815,skos:exactMatch,t cell,T cell,CL:0000084,skos:exactMatch,immune cell,leukocyte,CL:0000738,skos:exactMatch,maternalfetalinterface-mibitof-stanford
Treg,t cell:regulatory,regulatory T cell,CL:0000815,skos:exactMatch,t cell,T cell,CL:0000084,skos:exactMatch,immune cell,leukocyte,CL:0000738,skos:exactMatch,colon-cycif-sorgerlab
T_Treg,t cell:regulatory,regulatory T cell,CL:0000815,skos:exactMatch,t cell,T cell,CL:0000084,skos:exactMatch,immune cell,leukocyte,CL:0000738,skos:exactMatch,lymphnode-codex-yale
T-Reg,t cell:regulatory,regulatory T cell,CL:0000815,skos:exactMatch,t cell,T cell,CL:0000084,skos:exactMatch,immune cell,leukocyte,CL:0000738,skos:exactMatch,skin-celldive-ge
Tregs,t cell:regulatory,regulatory T cell,CL:0000815,skos:exactMatch,t cell,T cell,CL:0000084,skos:exactMatch,immune cell,leukocyte,CL:0000738,skos:exactMatch,colon-xenium-stanford
T_TfR,t cell:regulatory,regulatory T cell,CL:0000815,skos:exactMatch,t cell,T cell,CL:0000084,skos:exactMatch,immune cell,leukocyte,CL:0000738,skos:exactMatch,lymphnode-codex-yale
T_TIM3+,t cell:tim3+,T cell:tim3-positive,CL:0000084,skos:narrowMatch,t cell,T cell,CL:0000084,skos:exactMatch,immune cell,leukocyte,CL:0000738,skos:exactMatch,lymphnode-codex-yale
DP,thymocyte:cd4-intermediate cd8+ double-positive,"CD4-intermediate, CD8-positive double-positive thymocyte",CL:0002430,skos:exactMatch,t cell,T cell,CL:0000084,skos:exactMatch,immune cell,leukocyte,CL:0000738,skos:exactMatch,oralcavity-codex-czi
TA2,transit amplifying cell,transit amplifying cell,CL:0009010,skos:exactMatch,enterocyte,enterocyte,CL:0000584,skos:exactMatch,epithelial cell,epithelial cell,CL:0000066,skos:exactMatch,colon-xenium-stanford
TA,transit amplifying cell,transit amplifying cell,CL:0009010,skos:exactMatch,enterocyte,enterocyte,CL:0000584,skos:exactMatch,epithelial cell,epithelial cell,CL:0000066,skos:exactMatch,intestine-codex-stanford
TA1,transit amplifying cell,transit amplifying cell,CL:0009010,skos:exactMatch,enterocyte,enterocyte,CL:0000584,skos:exactMatch,epithelial cell,epithelial cell,CL:0000066,skos:exactMatch,colon-xenium-stanford
CyclingTA,transit amplifying cell:proliferating,transit amplifying cell:proliferating,CL:0009010,skos:narrowMatch,transit amplifying cell,transit amplifying cell,CL:0009010,skos:exactMatch,immune cell,leukocyte,CL:0000738,skos:exactMatch,colon-xenium-stanford
Cycling TA,transit amplifying cell:proliferating,transit amplifying cell:proliferating,CL:0009010,skos:narrowMatch,enterocyte,enterocyte,CL:0000584,skos:exactMatch,epithelial cell,epithelial cell,CL:0000066,skos:exactMatch,intestine-codex-stanford
EVT2,"trophoblast:hla-g minus, cd57- ck7 low extravillous",extravillous trophoblast:hla-g-negative cd57-negative ck7-low,CL:0008036,skos:narrowMatch,trophoblast ,trophoblast cell,CL:0000351,skos:exactMatch,epithelial cell,epithelial cell,CL:0000066,skos:exactMatch,maternalfetalinterface-mibitof-stanford
EVT1c,trophoblast:hla-g+ cd56+ extravillous,extravillous trophoblast:hla-g-positive cd56-positive,CL:0008036,skos:narrowMatch,trophoblast ,trophoblast cell,CL:0000351,skos:exactMatch,epithelial cell,epithelial cell,CL:0000066,skos:exactMatch,maternalfetalinterface-mibitof-stanford
EVT1a,trophoblast:hla-g+ ck7+ extravillous,extravillous trophoblast:hla-g-positive ck7-positive,CL:0008036,skos:narrowMatch,trophoblast ,trophoblast cell,CL:0000351,skos:exactMatch,epithelial cell,epithelial cell,CL:0000066,skos:exactMatch,maternalfetalinterface-mibitof-stanford
EVT1b,trophoblast:hla-g+ ck7- extravillous,extravillous trophoblast:hla-g-positive ck7-negative,CL:0008036,skos:narrowMatch,trophoblast ,trophoblast cell,CL:0000351,skos:exactMatch,epithelial cell,epithelial cell,CL:0000066,skos:exactMatch,maternalfetalinterface-mibitof-stanford
Tuft,tuft cell:intestinal,intestinal tuft cell,CL:0019032,skos:exactMatch,tuft cell,brush cell,CL:0002204,skos:exactMatch,epithelial cell,epithelial cell,CL:0000066,skos:exactMatch,colon-xenium-stanford
Tumor,tumor cell,neoplastic cell,CL:0001063,skos:exactMatch,abnormal cell,abnormal cell,CL:0001061,skos:exactMatch,unknown cell,cell:unknown,CL:0000000,skos:narrowMatch,skin-confocal-sorgerlab
indistinct,unknown cell,cell:unknown,CL:0000000,skos:narrowMatch,unknown cell,cell:unknown,CL:0000000,skos:narrowMatch,unknown cell,cell:unknown,CL:0000000,skos:narrowMatch,spleen-codex-ufl
Others,unknown cell,cell:unknown,CL:0000000,skos:narrowMatch,unknown cell,cell:unknown,CL:0000000,skos:narrowMatch,unknown cell,cell:unknown,CL:0000000,skos:narrowMatch,oralcavity-codex-czi
UNK_3,unknown cell,cell:unknown,CL:0000000,skos:narrowMatch,unknown cell,cell:unknown,CL:0000000,skos:narrowMatch,unknown cell,cell:unknown,CL:0000000,skos:narrowMatch,lung-codex-urmc
UNK_2,unknown cell,cell:unknown,CL:0000000,skos:narrowMatch,unknown cell,cell:unknown,CL:0000000,skos:narrowMatch,unknown cell,cell:unknown,CL:0000000,skos:narrowMatch,lung-codex-urmc
UNK_5_ambiguous,unknown cell,cell:unknown,CL:0000000,skos:narrowMatch,unknown cell,cell:unknown,CL:0000000,skos:narrowMatch,unknown cell,cell:unknown,CL:0000000,skos:narrowMatch,lung-codex-urmc
UNK_1_APC,unknown cell,cell:unknown,CL:0000000,skos:narrowMatch,unknown cell,cell:unknown,CL:0000000,skos:narrowMatch,unknown cell,cell:unknown,CL:0000000,skos:narrowMatch,lung-codex-urmc
UNK_3_(col1a1-driven_cluster),unknown cell,cell:unknown,CL:0000000,skos:narrowMatch,unknown cell,cell:unknown,CL:0000000,skos:narrowMatch,unknown cell,cell:unknown,CL:0000000,skos:narrowMatch,lung-codex-urmc
UNK_4_(col1a1_driven_cluster),unknown cell,cell:unknown,CL:0000000,skos:narrowMatch,unknown cell,cell:unknown,CL:0000000,skos:narrowMatch,unknown cell,cell:unknown,CL:0000000,skos:narrowMatch,lung-codex-urmc
Unknown,unknown cell,cell:unknown,CL:0000000,skos:narrowMatch,unknown cell,cell:unknown,CL:0000000,skos:narrowMatch,unknown cell,cell:unknown,CL:0000000,skos:narrowMatch,colon-xenium-stanford
other,unknown cell,cell:unknown,CL:0000000,skos:narrowMatch,unknown cell,cell:unknown,CL:0000000,skos:narrowMatch,unknown cell,cell:unknown,CL:0000000,skos:narrowMatch,maternalfetalinterface-mibitof-stanford
UNK_1,unknown cell,cell:unknown,CL:0000000,skos:narrowMatch,unknown cell,cell:unknown,CL:0000000,skos:narrowMatch,unknown cell,cell:unknown,CL:0000000,skos:narrowMatch,lung-codex-urmc
Unknown_lowcount,unknown cell,cell:unknown,CL:0000000,skos:narrowMatch,unknown cell,cell:unknown,CL:0000000,skos:narrowMatch,unknown cell,cell:unknown,CL:0000000,skos:narrowMatch,colon-xenium-stanford
unknown,unknown cell,cell:unknown,CL:0000000,skos:narrowMatch,unknown cell,cell:unknown,CL:0000000,skos:narrowMatch,unknown cell,cell:unknown,CL:0000000,skos:narrowMatch,pancreas-geomx-ufl
Artifact,unknown cell,cell:unknown,CL:0000000,skos:narrowMatch,unknown cell,cell:unknown,CL:0000000,skos:narrowMatch,unknown cell,cell:unknown,CL:0000000,skos:narrowMatch,bonemarrow-codex-chop
Undetermined,unknown cell,cell:unknown,CL:0000000,skos:narrowMatch,unknown cell,cell:unknown,CL:0000000,skos:narrowMatch,unknown cell,cell:unknown,CL:0000000,skos:narrowMatch,bonemarrow-codex-chop
Autofluorescent,unknown cell,cell:unknown,CL:0000000,skos:narrowMatch,unknown cell,cell:unknown,CL:0000000,skos:narrowMatch,unknown cell,cell:unknown,CL:0000000,skos:narrowMatch,bonemarrow-codex-chop
CD44+ Undetermined,unknown cell,cell:unknown,CL:0000000,skos:narrowMatch,unknown cell,cell:unknown,CL:0000000,skos:narrowMatch,unknown cell,cell:unknown,CL:0000000,skos:narrowMatch,bonemarrow-codex-chop
Other,unknown cell,cell:unknown,CL:0000000,skos:narrowMatch,unknown cell,cell:unknown,CL:0000000,skos:narrowMatch,unknown cell,cell:unknown,CL:0000000,skos:narrowMatch,colon-cycif-sorgerlab
ENDO_CD8+_T_Cell,unknown cell,cell:unknown,CL:0000000,skos:narrowMatch,unknown cell,cell:unknown,CL:0000000,skos:narrowMatch,unknown cell,cell:unknown,CL:0000000,skos:narrowMatch,lung-codex-urmc
Unknown,unknown cell,cell:unknown,CL:0000000,skos:narrowMatch,unknown cell,cell:unknown,CL:0000000,skos:narrowMatch,unknown cell,cell:unknown,CL:0000000,skos:narrowMatch,skin-confocal-sorgerlab
